{"stat.chestOpened":14,"stat.useItem.minecraft.bow":14,"stat.pickup.minecraft.bone":4,"stat.pickup.terraqueous.flowers_single":2,"stat.leaveGame":5,"stat.pickup.minecraft.arrow":45,"stat.pickup.vampirism.pure_blood":46,"stat.drop.grimpack.instruction_manual":1,"stat.pickup.simplecorn.kernels":1,"stat.mineBlock.minecraft.gold_block":1,"stat.jump":651,"stat.swimOneCm":6309,"stat.useItem.minecraft.experience_bottle":44,"stat.pickup.minecraft.coal":4,"stat.fallOneCm":104790,"stat.pickup.minecraft.iron_ingot":2,"stat.climbOneCm":2072,"stat.pickup.teletubbies.laalaaball":1,"stat.crouchOneCm":826,"stat.pickup.vampirism.blood_bottle":3,"stat.pickup.minecraft.dirt":96,"stat.pickup.minecraft.experience_bottle":289,"stat.useItem.minecraft.stone_slab2":2,"stat.pickup.minecraft.bow":1,"stat.pickup.minecraft.iron_boots":2,"stat.craftingTableInteraction":1,"stat.pickup.iceandfire.shiny_scales":3,"stat.drop.grimpack.iron_multi_tool":1,"stat.damageTaken":2333,"stat.drop.minecraft.bone":2,"stat.pickup.minecraft.cobblestone":2,"stat.noteblockTuned":8,"stat.pickup.minecraft.gold_block":1,"stat.pickup.minecraft.diamond_leggings":1,"stat.useItem.iceandfire.dragonbone_sword_fire":53,"stat.flyOneCm":439303,"stat.pickup.minecraft.glass_bottle":2,"stat.damageDealt":5364,"stat.entityKilledBy.vampirism.vampire_baron":1,"stat.timeSinceDeath":142,"stat.mineBlock.terraqueous.flowers_cluster":1,"stat.mineBlock.minecraft.dirt":17,"stat.pickup.minecraft.mossy_cobblestone":1,"stat.walkOneCm":88444,"stat.useItem.minecraft.bread":3,"stat.pickup.cqrepoured.dagger_iron":1,"stat.pickup.minecraft.cake":104,"stat.pickup.cqrepoured.cursed_bone":1,"stat.pickup.terraqueous.multifood":1,"stat.useItem.grimpack.iron_multi_tool":21,"stat.pickup.iceandfire.dragon_skull":1,"stat.pickup.iceandfire.armor_gray_chestplate":1,"stat.pickup.minecraft.string":1,"stat.useItem.scalinghealth.heartcontainer":5,"stat.killEntity.vampirism.vampire_baron":1,"stat.pickup.wolfarmor.diamond_wolf_armor":1,"stat.drop.minecraft.iron_chestplate":1,"stat.pickup.scalinghealth.heartcontainer":6,"stat.killEntity.Treasure":1,"stat.sprintOneCm":160220,"stat.pickup.minecraft.iron_chestplate":2,"stat.pickup.iceandfire.armor_gray_boots":1,"stat.pickup.minecraft.gold_ingot":12,"stat.pickup.vampirism.holy_salt":1,"stat.pickup.minecraft.diamond_helmet":1,"stat.pickup.minecraft.bread":11,"stat.pickup.iceandfire.dragonbone_sword_fire":1,"stat.mobKills":13,"stat.pickup.minecraft.saddle":2,"stat.drop.simplecorn.kernels":1,"stat.pickup.iceandfire.dragonbone":10,"stat.deaths":1,"stat.drop":7,"stat.pickup.minecraft.diamond":2,"stat.pickup.vampirism.human_heart":2,"stat.mineBlock.minecraft.leaves":1,"stat.pickup.iceandfire.cockatrice_scepter":1,"stat.playOneMinute":42552,"stat.sneakTime":1967,"stat.pickup.minecraft.slime_ball":7,"stat.pickup.grimpack.iron_multi_tool":2,"stat.mineBlock.minecraft.tallgrass":6,"stat.diveOneCm":2726,"stat.pickup.minecraft.wheat":16,"stat.drop.scalinghealth.heartcontainer":1}