{"stat.chestOpened":14,"stat.walkOneCm":164894,"stat.pickup.minecraft.bone":31,"stat.drop.minecraft.porkchop":1,"stat.drop.minecraft.bookshelf":1,"stat.pickup.minecraft.arrow":34,"stat.useItem.grimpack.iron_multi_tool":14,"stat.useItem.minecraft.cobblestone":2,"stat.entityKilledBy.vampirism.hunter_trainer":1,"stat.drop.minecraft.leather_helmet":1,"stat.pickup.iceandfire.dragon_skull":3,"stat.pickup.minecraft.leather_chestplate":2,"stat.killEntity.vampirism.vampire_hunter":13,"stat.pickup.vampirism.pure_blood":1,"stat.useItem.minecraft.porkchop":1,"stat.drop.grimpack.instruction_manual":1,"stat.pickup.minecraft.wooden_sword":1,"stat.mineBlock.minecraft.sandstone":1,"stat.swimOneCm":4259,"stat.jump":558,"stat.useItem.scalinghealth.heartcontainer":9,"stat.drop.iceandfire.dragonsteel_fire_sword":1,"stat.useItem.minecraft.experience_bottle":7,"stat.fallOneCm":96276,"stat.killEntity.vampirism.vampire_baron":1,"stat.drop.minecraft.leather_chestplate":2,"stat.pickup.minecraft.porkchop":2,"stat.drop.minecraft.anvil":1,"stat.crouchOneCm":15,"stat.drop.harvestcraft.okraitem":1,"stat.pickup.minecraft.leather_helmet":3,"stat.pickup.scalinghealth.heartcontainer":1,"stat.pickup.harvestcraft.okraitem":1,"stat.entityKilledBy.cqr_skeleton":4,"stat.sprintOneCm":173798,"stat.useItem.minecraft.stone_slab2":30,"stat.pickup.minecraft.iron_ore":1,"stat.pickup.minecraft.sand":11,"stat.drop.minecraft.enchanting_table":1,"stat.itemEnchanted":3,"stat.useItem.minecraft.flint_and_steel":33,"stat.brewingstandInteraction":1,"stat.damageTaken":5939,"stat.waystones:waystonesActivated":1,"stat.useItem.iceandfire.dragonsteel_fire_sword":14,"stat.mineBlock.grimpack.randomite":2,"stat.killEntity.ed_guard":1,"stat.mobKills":71,"stat.pickup.minecraft.cobblestone":1,"stat.pickup.minecraft.leather_leggings":1,"stat.pickup.minecraft.planks":1,"stat.useItem.iceandfire.dragonbone_pickaxe":2,"stat.pickup.iceandfire.dragonbone":67,"stat.useItem.iceandfire.dragonbone_sword_fire":127,"stat.flyOneCm":608611,"stat.deaths":8,"stat.pickup.minecraft.sandstone":1,"stat.mineBlock.minecraft.planks":1,"stat.drop":10,"stat.pickup.minecraft.wheat_seeds":1,"stat.mineBlock.minecraft.sand":10,"stat.pickup.vampirism.human_heart":7,"stat.playOneMinute":43184,"stat.killEntity.cqr_skeleton":47,"stat.sneakTime":117,"stat.pickup.quark.tallow":2,"stat.damageDealt":18091,"stat.pickup.minecraft.redstone":1,"stat.pickup.evilcraft.werewolf_flesh":1,"stat.useItem.iceandfire.dragonbone_bow":73,"stat.timeSinceDeath":149,"stat.pickup.elementaldimensions.earthrune":1,"stat.mineBlock.minecraft.stone":1,"stat.diveOneCm":37270}