{"stat.pickup.minecraft.bone":78,"stat.pickup.minecraft.wooden_slab":2,"stat.pickup.iceandfire.fire_dragon_flesh":6,"stat.drop.minecraft.beetroot":1,"stat.pickup.animania.raw_chevon":1,"stat.leaveGame":7,"stat.mineBlock.vampirism.hunter_table":1,"stat.craftItem.iceandfire.dragonbone_sword_fire":1,"stat.drop.minecraft.redstone":2,"stat.killEntity.vampirism.vampire":1,"stat.drop.grimpack.instruction_manual":1,"stat.mineBlock.vampirism.altar_inspiration":2,"stat.swimOneCm":22122,"stat.climbOneCm":163,"stat.drop.minecraft.feather":7,"stat.pickup.vampirism.blood_bottle":7,"stat.useItem.minecraft.dirt":4,"stat.useItem.minecraft.stone_slab2":28,"stat.pickup.minecraft.iron_boots":18,"stat.pickup.minecraft.sand":14,"stat.drop.evilcraft.werewolf_flesh":11,"stat.entityKilledBy.vampirism.vampire_hunter":1,"stat.craftItem.minecraft.iron_boots":1,"stat.pickup.iceandfire.witherbone":11,"stat.pickup.iceandfire.chared_cobblestone":45,"stat.pickup.minecraft.cobblestone":124,"stat.pickup.harvestcraft.jicamaitem":3,"stat.killEntity.if_cockatrice":3,"stat.flyOneCm":840582,"stat.pickup.harvestcraft.cranberryitem":4,"stat.pickup.minecraft.glass_bottle":28,"stat.pickup.minecraft.sandstone":4,"stat.entityKilledBy.firedragon":51,"stat.pickup.mowziesmobs.barakoa_mask_misery":4,"stat.pickup.iceandfire.ash":1,"stat.drop.minecraft.wheat_seeds":6,"stat.pickup.minecraft.redstone":2,"stat.mineBlock.minecraft.iron_ore":24,"stat.entityKilledBy.vampirism.vampire_baron":2,"stat.timeSinceDeath":2834,"stat.craftItem.minecraft.iron_block":3,"stat.drop.iceandfire.dragonscales_green":3,"stat.pickup.iceandfire.armor_green_leggings":2,"stat.useItem.grimpack.iron_multi_tool":84,"stat.drop.minecraft.dirt":1,"stat.pickup.iceandfire.dragon_skull":2,"stat.killEntity.vampirism.vampire_hunter":4,"stat.drop.minecraft.log2":1,"stat.pickup.minecraft.beef":4,"stat.pickup.iceandfire.armor_green_boots":2,"stat.sprintOneCm":133238,"stat.pickup.minecraft.iron_chestplate":17,"stat.pickup.mowziesmobs.barakoa_mask_rage":1,"stat.pickup.mowziesmobs.barakoa_mask_fear":1,"stat.useItem.iceandfire.chared_dirt":10,"stat.pickup.iceandfire.dragonbone_sword_fire":16,"stat.pickup.vampirism.item_coffin":1,"stat.drop.simplecorn.kernels":5,"stat.deaths":117,"stat.drop":53,"stat.pickup.harvestcraft.flaxitem":1,"stat.drop.iceandfire.dragonbone_sword_fire":2,"stat.playOneMinute":189303,"stat.pickup.iceandfire.chared_dirt":42,"stat.pickup.grimpack.iron_multi_tool":1,"stat.mineBlock.minecraft.tallgrass":51,"stat.diveOneCm":43957,"stat.pickup.minecraft.wheat":4,"stat.chestOpened":107,"stat.drop.animania.raw_chevon":1,"stat.pickup.vampirism.altar_inspiration":4,"stat.craftItem.iceandfire.dragonbone_sword":1,"stat.pickup.simplecorn.kernels":16,"stat.pickup.vampirism.hunter_table":1,"stat.jump":2257,"stat.useItem.minecraft.sand":3,"stat.pickup.minecraft.iron_helmet":16,"stat.useItem.minecraft.experience_bottle":13,"stat.fallOneCm":123245,"stat.crouchOneCm":6195,"stat.pickup.iceandfire.chared_stone":7,"stat.drop.harvestcraft.cranberryitem":3,"stat.craftItem.minecraft.iron_helmet":2,"stat.pickup.minecraft.dirt":18,"stat.pickup.minecraft.experience_bottle":300,"stat.craftingTableInteraction":7,"stat.pickup.minecraft.iron_ore":48,"stat.drop.vampirism.holy_salt":1,"stat.damageTaken":39453,"stat.pickup.minecraft.feather":7,"stat.mineBlock.minecraft.red_flower":1,"stat.pickup.harvestcraft.blueberryitem":2,"stat.pickup.minecraft.log2":4,"stat.pickup.minecraft.dye":2,"stat.pickup.minecraft.planks":2,"stat.pickup.minecraft.iron_leggings":17,"stat.useItem.iceandfire.dragonbone_sword_fire":173,"stat.pickup.minecraft.wheat_seeds":13,"stat.pickup.minecraft.oak_stairs":1,"stat.craftItem.minecraft.iron_leggings":1,"stat.pickup.iceandfire.armor_green_chestplate":2,"stat.damageDealt":10974,"stat.pickup.iceandfire.chared_grass":10,"stat.craftItem.minecraft.anvil":1,"stat.pickup.iceandfire.armor_green_helmet":3,"stat.mineBlock.minecraft.dirt":18,"stat.drop.terraqueous.multifood":2,"stat.mineBlock.iceandfire.chared_dirt":2,"stat.entityKilledBy.if_cockatrice":5,"stat.pickup.harvestcraft.elderberryitem":1,"stat.walkOneCm":194231,"stat.playerKills":2,"stat.drop.minecraft.wheat":4,"stat.pickup.terraqueous.multifood":4,"stat.useItem.minecraft.cobblestone":3,"stat.mineBlock.minecraft.double_plant":9,"stat.mineBlock.grimpack.oil_ore":1,"stat.pickup.terraqueous.item_main":2,"stat.pickup.wolfarmor.gold_wolf_armor":10,"stat.pickup.mowziesmobs.barako_mask":5,"stat.pickup.harvestcraft.spiceleafitem":1,"stat.pickup.minecraft.web":1,"stat.craftItem.minecraft.iron_chestplate":1,"stat.pickup.minecraft.chicken":43,"stat.drop.minecraft.wooden_slab":2,"stat.pickup.minecraft.beetroot":1,"stat.pickup.vampirism.holy_salt":1,"stat.pickup.grimpack.oily_chunk":6,"stat.pickup.iceandfire.dragonscales_green":27,"stat.drop.harvestcraft.blueberryitem":1,"stat.mobKills":34,"stat.pickup.mowziesmobs.barakoa_mask_bliss":14,"stat.pickup.iceandfire.dragonbone":12,"stat.pickup.vampirism.human_heart":12,"stat.pickup.minecraft.torch":1,"stat.sneakTime":3064,"stat.drop.minecraft.beef":4,"stat.pickup.evilcraft.werewolf_flesh":38,"stat.mineBlock.harvestcraft.soggygarden":1,"stat.drop.iceandfire.chared_cobblestone":1,"stat.mineBlock.minecraft.stone":4}