{"stat.useItem.minecraft.bow":23,"stat.drop.minecraft.waterlily":2,"stat.pickup.minecraft.bone":6,"stat.pickup.simplecorn.corncob":2,"stat.drop.minecraft.beetroot":3,"stat.leaveGame":2,"stat.drop.grimpack.instruction_manual":1,"stat.swimOneCm":14197,"stat.climbOneCm":2003,"stat.pickup.minecraft.glowstone_dust":1,"stat.pickup.vampirism.blood_bottle":8,"stat.useItem.minecraft.dirt":1,"stat.useItem.minecraft.stone_slab2":1,"stat.pickup.minecraft.bow":2,"stat.pickup.minecraft.iron_boots":1,"stat.pickup.minecraft.sand":2,"stat.drop.simplecorn.corncob":1,"stat.drop.evilcraft.werewolf_flesh":3,"stat.entityKilledBy.vampirism.vampire_hunter":1,"stat.pickup.iceandfire.witherbone":1,"stat.pickup.minecraft.cobblestone":1,"stat.pickup.minecraft.diamond_leggings":2,"stat.pickup.musiccraft.mwood":2,"stat.drop.minecraft.rabbit_hide":2,"stat.flyOneCm":893174,"stat.pickup.minecraft.glass_bottle":4,"stat.entityKilledBy.firedragon":4,"stat.drop.minecraft.wheat_seeds":1,"stat.pickup.minecraft.redstone":10,"stat.timeSinceDeath":5742,"stat.pickup.minecraft.mossy_cobblestone":1,"stat.pickup.cqrepoured.dagger_iron":2,"stat.useItem.grimpack.iron_multi_tool":10,"stat.drop.minecraft.dirt":3,"stat.drop.minecraft.beetroot_seeds":4,"stat.killEntity.vampirism.vampire_hunter":12,"stat.pickup.iceandfire.dragon_skull":1,"stat.pickup.musiccraft.msapling":4,"stat.killEntity.vampirism.vampire_baron":1,"stat.drop.musiccraft.msapling":4,"stat.sprintOneCm":66640,"stat.pickup.minecraft.iron_chestplate":2,"stat.pickup.mowziesmobs.barakoa_mask_fear":1,"stat.pickup.iceandfire.dragonbone_sword_fire":2,"stat.deaths":8,"stat.drop":27,"stat.pickup.minecraft.egg":4,"stat.drop.iceandfire.dragonbone_sword_fire":1,"stat.playOneMinute":62155,"stat.pickup.iceandfire.chared_dirt":1,"stat.drop.minecraft.glass_bottle":1,"stat.mineBlock.minecraft.tallgrass":13,"stat.diveOneCm":25389,"stat.pickup.minecraft.wheat":3,"stat.chestOpened":69,"stat.mineBlock.minecraft.mossy_cobblestone":1,"stat.pickup.minecraft.arrow":67,"stat.pickup.minecraft.waterlily":2,"stat.useItem.minecraft.glass_bottle":2,"stat.pickup.vampirism.pure_blood":2,"stat.useItem.minecraft.potion":2,"stat.pickup.simplecorn.kernels":6,"stat.jump":1473,"stat.pickup.minecraft.coal":7,"stat.useItem.minecraft.experience_bottle":278,"stat.pickup.minecraft.iron_helmet":1,"stat.fallOneCm":175869,"stat.pickup.minecraft.iron_ingot":7,"stat.pickup.teletubbies.laalaaball":2,"stat.crouchOneCm":1636,"stat.pickup.minecraft.dirt":4,"stat.pickup.minecraft.experience_bottle":94,"stat.pickup.minecraft.iron_ore":81,"stat.craftingTableInteraction":1,"stat.pickup.iceandfire.shiny_scales":3,"stat.pickup.minecraft.gold_ore":5,"stat.pickup.grimpack.element_115":4,"stat.damageTaken":5201,"stat.pickup.minecraft.feather":2,"stat.mineBlock.minecraft.red_flower":1,"stat.pickup.minecraft.iron_leggings":3,"stat.useItem.iceandfire.dragonbone_sword_fire":152,"stat.pickup.minecraft.wheat_seeds":16,"stat.pickup.minecraft.rabbit_hide":6,"stat.damageDealt":7484,"stat.mineBlock.minecraft.dirt":4,"stat.walkOneCm":94396,"stat.playerKills":3,"stat.pickup.cqrepoured.cursed_bone":2,"stat.mineBlock.minecraft.double_plant":2,"stat.pickup.terraqueous.item_main":2,"stat.useItem.scalinghealth.heartcontainer":5,"stat.drop.iceandfire.chared_dirt":1,"stat.pickup.wolfarmor.diamond_wolf_armor":2,"stat.pickup.scalinghealth.heartcontainer":6,"stat.useItem.simplecorn.corncob":1,"stat.pickup.minecraft.beetroot":4,"stat.pickup.vampirism.holy_salt":4,"stat.itemEnchanted":1,"stat.pickup.minecraft.diamond_helmet":2,"stat.pickup.animania.raw_prime_rabbit":1,"stat.mobKills":17,"stat.killEntity.quark:frog":1,"stat.pickup.iceandfire.dragonbone":10,"stat.pickup.minecraft.beetroot_seeds":4,"stat.pickup.vampirism.human_heart":4,"stat.pickup.iceandfire.cockatrice_scepter":2,"stat.pickup.minecraft.red_flower":2,"stat.sneakTime":2155,"stat.pickup.evilcraft.werewolf_flesh":3,"stat.killEntity.firedragon":1,"stat.killEntity.siren":1,"stat.mineBlock.minecraft.stone":1,"stat.drop.musiccraft.mwood":1,"stat.drop.scalinghealth.heartcontainer":1}