{"stat.pickup.minecraft.wooden_slab":2,"stat.pickup.iceandfire.fire_dragon_flesh":204,"stat.craftItem.minecraft.diamond_hoe":2,"stat.pickup.animania.raw_chevon":210,"stat.craftItem.vampirism.altar_inspiration":1,"stat.leaveGame":13,"stat.drop.iceandfire.armor_green_boots":1,"stat.pickup.quark.limestone":10,"stat.killEntity.vampirism.vampire":11,"stat.mineBlock.minecraft.sandstone":4,"stat.mineBlock.minecraft.web":11,"stat.pickup.minecraft.rotten_flesh":909,"stat.drop.grimpack.iron_multi_tool":2,"stat.mineBlock.grimpack.black_diamond_ore":4,"stat.craftItem.minecraft.stone_axe":2,"stat.pickup.iceandfire.witherbone":97,"stat.pickup.iceandfire.chared_cobblestone":23,"stat.craftItem.grimpack.diamond_multi_tool":2,"stat.useItem.grimpack.uranium_ore":1,"stat.mineBlock.minecraft.wooden_slab":2,"stat.killEntity.if_cockatrice":8,"stat.craftItem.minecraft.iron_shovel":5,"stat.killEntity.Witch":3,"stat.drop.minecraft.sand":1,"stat.craftItem.iceandfire.silver_ingot":22,"stat.useItem.minecraft.iron_pickaxe":396,"stat.pickup.minecraft.stained_hardened_clay":143,"stat.entityKilledBy.vampirism.vampire":1,"stat.craftItem.minecraft.wooden_pickaxe":2,"stat.mineBlock.quark.elder_sea_lantern":1,"stat.mineBlock.chisel.marble2":5,"stat.furnaceInteraction":6,"stat.drop.minecraft.gravel":16,"stat.drop.vampirism.blood_bottle":1,"stat.craftItem.vampirism.item_coffin":1,"stat.pickup.minecraft.beef":51,"stat.mineBlock.minecraft.stained_hardened_clay":4,"stat.craftItem.grimpack.aluminum_ingot":6,"stat.pickup.mowziesmobs.barakoa_mask_rage":5,"stat.useItem.iceandfire.chared_dirt":2,"stat.pickup.minecraft.emerald":37,"stat.deaths":108,"stat.pickup.mowziesmobs.barakoa_mask_fury":1,"stat.pickup.minecraft.egg":2178,"stat.craftItem.minecraft.wooden_shovel":2,"stat.craftItem.minecraft.iron_pickaxe":7,"stat.pickup.chisel.marble2":332,"stat.mineBlock.minecraft.tallgrass":106,"stat.pickup.minecraft.cooked_mutton":4,"stat.chestOpened":392,"stat.pickup.minecraft.arrow":286,"stat.pickup.animania.wool":124,"stat.pickup.teletubbies.laalaaball":75,"stat.pickup.chisel.basalt2":3,"stat.crouchOneCm":78187,"stat.mineBlock.minecraft.chest":6,"stat.drop.mowziesmobs.barakoa_mask_bliss":1,"stat.craftItem.minecraft.iron_ingot":200,"stat.pickup.vampirism.blood_container":4,"stat.craftingTableInteraction":58,"stat.mineBlock.grimpack.uranium_ore":11,"stat.pickup.iceandfire.silver_ore":186,"stat.mineBlock.minecraft.log2":15,"stat.drop.iceandfire.armor_green_leggings":1,"stat.craftItem.minecraft.wooden_sword":2,"stat.pickup.minecraft.dye":1245,"stat.pickup.minecraft.planks":609,"stat.pickup.chisel.limestone2":677,"stat.useItem.iceandfire.dragonbone_sword_fire":28,"stat.craftItem.minecraft.diamond_shovel":3,"stat.pickup.minecraft.wheat_seeds":317,"stat.mineBlock.minecraft.dirt":41,"stat.craftItem.iceandfire.dragonbone_pickaxe":1,"stat.mineBlock.quark.biome_cobblestone":1,"stat.mineBlock.iceandfire.silver_ore":22,"stat.drop.minecraft.rotten_flesh":3,"stat.useItem.minecraft.cobblestone":649,"stat.useItem.minecraft.gravel":2,"stat.mineBlock.minecraft.double_plant":2,"stat.craftItem.grimpack.stone_multi_tool":2,"stat.craftItem.minecraft.gold_ingot":118,"stat.pickup.minecraft.chicken":87,"stat.pickup.grimpack.oily_chunk":590,"stat.craftItem.minecraft.bucket":1,"stat.craftItem.minecraft.planks":284,"stat.itemEnchanted":9,"stat.pickup.iceandfire.dragonscales_green":2744,"stat.mineBlock.morefurnaces.furnaceblock":3,"stat.pickup.animania.raw_prime_rabbit":13,"stat.pickup.minecraft.book":21,"stat.mineBlock.minecraft.log":9,"stat.pickup.iceandfire.dragonbone":35,"stat.drop.harvestcraft.flaxitem":1,"stat.craftItem.grimpack.uranium_ingot":10,"stat.pickup.minecraft.wool":24,"stat.pickup.terraqueous.colorizer":1,"stat.useItem.minecraft.iron_axe":9,"stat.mineBlock.minecraft.cobblestone":44,"stat.mineBlock.vampirism.hunter_table":1,"stat.pickup.minecraft.flint":32,"stat.craftItem.iceandfire.dragonbone_sword_fire":2,"stat.pickup.animania.raw_prime_mutton":164,"stat.pickup.vampirism.blood_bottle":261,"stat.useItem.minecraft.stone_slab2":84,"stat.craftItem.morefurnaces.furnaceblock":4,"stat.pickup.minecraft.iron_boots":84,"stat.pickup.minecraft.diamond_horse_armor":140,"stat.craftItem.minecraft.furnace":2,"stat.craftItem.minecraft.iron_boots":2,"stat.mineBlock.minecraft.obsidian":26,"stat.craftItem.scalinghealth.heartcontainer":2,"stat.pickup.harvestcraft.jicamaitem":1,"stat.flyOneCm":1379470,"stat.drop.minecraft.iron_helmet":1,"stat.pickup.minecraft.sandstone":6,"stat.pickup.harvestcraft.cranberryitem":2,"stat.drop.harvestcraft.mustardseedsitem":1,"stat.timeSinceDeath":550,"stat.craftItem.grimpack.wooden_multi_tool":2,"stat.drop.minecraft.spider_eye":2,"stat.craftItem.grimpack.iron_multi_tool":5,"stat.mineBlock.minecraft.enchanting_table":19,"stat.mineBlock.minecraft.coal_ore":55,"stat.talkedToVillager":1,"stat.craftItem.minecraft.stone_hoe":2,"stat.pickup.minecraft.string":473,"stat.pickup.animania.cooked_prime_beef":4,"stat.sprintOneCm":960967,"stat.craftItem.minecraft.wooden_axe":2,"stat.mineBlock.minecraft.diamond_ore":38,"stat.pickup.mowziesmobs.barakoa_mask_fear":4,"stat.waystones:waystonesActivated":1,"stat.mineBlock.quark.marble":54,"stat.pickup.harvestcraft.mustardseedsitem":1,"stat.craftItem.minecraft.golden_sword":2,"stat.pickup.harvestcraft.flaxitem":2,"stat.drop.terraqueous.item_main":4,"stat.useItem.animania.raw_prime_beef":1,"stat.killEntity.Zombie":6,"stat.pickup.iceandfire.chared_dirt":39,"stat.craftItem.minecraft.diamond_axe":2,"stat.mineBlock.minecraft.gold_ore":129,"stat.diveOneCm":44017,"stat.pickup.minecraft.wheat":11,"stat.mineBlock.minecraft.mossy_cobblestone":1,"stat.pickup.grimpack.aluminum_ore":28,"stat.craftItem.iceandfire.armor_green_helmet":2,"stat.pickup.minecraft.obsidian":26,"stat.craftItem.minecraft.diamond_sword":2,"stat.jump":4826,"stat.killEntity.zombietinkywinky":2,"stat.useItem.minecraft.sand":1,"stat.pickup.minecraft.coal":2570,"stat.pickup.minecraft.iron_ingot":45,"stat.killEntity.vampirism.hunter_trainer":1,"stat.pickup.minecraft.gunpowder":535,"stat.pickup.iceandfire.chared_stone":3,"stat.craftItem.minecraft.torch":52,"stat.pickup.evilcraft.dark_gem_crushed":116,"stat.pickup.minecraft.dirt":657,"stat.pickup.iceandfire.fire_dragon_heart":252,"stat.pickup.minecraft.gold_ore":314,"stat.mineBlock.minecraft.lapis_ore":18,"stat.mineBlock.minecraft.glass_pane":2,"stat.damageTaken":50842,"stat.craftItem.iceandfire.armor_green_leggings":2,"stat.mineBlock.minecraft.torch":9,"stat.mineBlock.grimpack.randomite":147,"stat.pickup.teletubbies.dipsystick":26,"stat.pickup.minecraft.log2":27,"stat.pickup.harvestcraft.saltitem":12,"stat.pickup.minecraft.rabbit_hide":26,"stat.pickup.iceandfire.chared_grass":3,"stat.entityKilledBy.if_cockatrice":7,"stat.useItem.minecraft.chest":1,"stat.drop.minecraft.wheat":2,"stat.pickup.minecraft.diamond_pickaxe":1,"stat.mineBlock.grimpack.oil_ore":22,"stat.useItem.grimpack.obsidian_multi_tool":14,"stat.drop.iceandfire.chared_dirt":10,"stat.pickup.wolfarmor.gold_wolf_armor":2,"stat.pickup.harvestcraft.spiceleafitem":2,"stat.craftItem.minecraft.iron_chestplate":2,"stat.pickup.scalinghealth.heartcontainer":103,"stat.mineBlock.scalinghealth.crystalore":20,"stat.drop.minecraft.egg":2,"stat.craftItem.minecraft.bookshelf":10,"stat.mineBlock.minecraft.stonebrick":5,"stat.killEntity.quark:dweller":5,"stat.mobKills":125,"stat.mineBlock.minecraft.bookshelf":7,"stat.craftItem.minecraft.golden_shovel":2,"stat.pickup.minecraft.diamond":153,"stat.pickup.minecraft.beetroot_seeds":9,"stat.pickup.minecraft.torch":475,"stat.entityKilledBy.quark:ashen":1,"stat.pickup.evilcraft.werewolf_flesh":159,"stat.killEntity.firedragon":2,"stat.useItem.minecraft.string":2,"stat.useItem.minecraft.bookshelf":13,"stat.craftItem.minecraft.iron_axe":6,"stat.drop.teletubbies.postick":1,"stat.pickup.evilcraft.condensed_blood":2302,"stat.useItem.minecraft.planks":21,"stat.craftItem.iceandfire.armor_green_chestplate":2,"stat.craftItem.grimpack.black_diamond":4,"stat.useItem.minecraft.water_bucket":14,"stat.pickup.minecraft.sand":85,"stat.pickup.teletubbies.tinkywinkystick":44,"stat.craftItem.minecraft.stone_sword":2,"stat.pickup.minecraft.chainmail_chestplate":15,"stat.pickup.mowziesmobs.barakoa_mask_misery":43,"stat.entityKilledBy.firedragon":32,"stat.mineBlock.minecraft.sand":82,"stat.pickup.iceandfire.ash":12,"stat.pickup.quark.marble":999,"stat.pickup.quark.rune":11,"stat.craftItem.minecraft.wooden_hoe":2,"stat.useItem.minecraft.spawn_egg":12,"stat.mineBlock.terraqueous.doodads":5,"stat.killEntity.zombielaalaa":4,"stat.craftItem.grimpack.golden_multi_tool":2,"stat.pickup.wolfarmor.iron_wolf_armor":85,"stat.pickup.iceandfire.armor_green_leggings":1,"stat.pickup.iceandfire.dragon_skull":1,"stat.pickup.minecraft.furnace":3,"stat.useItem.minecraft.redstone":15,"stat.mineBlock.harvestcraft.windygarden":1,"stat.pickup.minecraft.iron_chestplate":1,"stat.pickup.minecraft.skull":211,"stat.pickup.minecraft.acacia_door":1,"stat.mineBlock.iceandfire.ash":10,"stat.craftItem.chisel.chisel_diamond":1,"stat.pickup.minecraft.saddle":52,"stat.playOneMinute":386410,"stat.pickup.grimpack.black_diamond_ore":90,"stat.pickup.animania.raw_prime_beef":1108,"stat.craftItem.iceandfire.dragonbone_sword":2,"stat.drop.minecraft.flint":1,"stat.useItem.animania.raw_prime_rabbit":1,"stat.pickup.simplecorn.kernels":131,"stat.mineBlock.minecraft.gold_block":1,"stat.craftItem.minecraft.iron_hoe":5,"stat.useItem.minecraft.experience_bottle":130,"stat.fallOneCm":259538,"stat.mineBlock.quark.limestone":5,"stat.pickup.minecraft.feather":307,"stat.pickup.minecraft.slime":55,"stat.drop.grimpack.obsidian_multi_tool":1,"stat.pickup.minecraft.iron_leggings":120,"stat.mineBlock.minecraft.gravel":87,"stat.craftItem.minecraft.iron_leggings":3,"stat.pickup.iceandfire.armor_green_chestplate":1,"stat.pickup.teletubbies.postick":2,"stat.craftItem.minecraft.golden_pickaxe":2,"stat.useItem.minecraft.torch":114,"stat.pickup.terraqueous.multifood":2,"stat.craftItem.minecraft.crafting_table":6,"stat.mineBlock.quark.stone_speleothem":3,"stat.mineBlock.minecraft.emerald_ore":2,"stat.pickup.minecraft.log":9,"stat.useItem.minecraft.cooked_fish":7,"stat.pickup.teletubbies.dipsyhat":6,"stat.pickup.minecraft.web":11,"stat.pickup.minecraft.beetroot":1,"stat.pickup.quark.root":20,"stat.killEntity.zombiedipsy":3,"stat.pickup.vampirism.human_heart":4,"stat.sneakTime":26168,"stat.killEntity.zombiepo":2,"stat.pickup.minecraft.chest":7,"stat.craftItem.minecraft.enchanting_table":2,"stat.useItem.minecraft.web":1,"stat.pickup.minecraft.bone":250,"stat.mineBlock.minecraft.slime":11,"stat.swimOneCm":95416,"stat.climbOneCm":648,"stat.mineBlock.minecraft.spruce_stairs":2,"stat.mineBlock.evilcraft.dark_ore":12,"stat.mineBlock.quark.roots":6,"stat.mineBlock.quark.marble_speleothem":3,"stat.useItem.minecraft.dirt":5,"stat.drop.minecraft.web":1,"stat.drop.evilcraft.werewolf_flesh":11,"stat.pickup.minecraft.enchanting_table":19,"stat.craftItem.minecraft.stone_pickaxe":2,"stat.pickup.minecraft.cobblestone":54339,"stat.pickup.minecraft.gold_block":3,"stat.pickup.quark.biome_cobblestone":3,"stat.mineBlock.chisel.limestone2":16,"stat.craftItem.minecraft.glass_bottle":33,"stat.pickup.minecraft.glass_bottle":107,"stat.craftItem.minecraft.golden_axe":2,"stat.drop.minecraft.wheat_seeds":1,"stat.pickup.minecraft.redstone":5417,"stat.mineBlock.minecraft.iron_ore":182,"stat.pickup.minecraft.mutton":101,"stat.pickup.minecraft.mossy_cobblestone":1,"stat.useItem.grimpack.iron_multi_tool":2971,"stat.pickup.minecraft.stonebrick":114,"stat.drop.minecraft.dirt":14,"stat.craftItem.minecraft.stone_slab2":0,"stat.pickup.iceandfire.armor_green_boots":1,"stat.pickup.morefurnaces.furnaceblock":157,"stat.craftItem.minecraft.stick":148,"stat.pickup.iceandfire.dragonbone_sword_fire":3,"stat.pickup.vampirism.item_coffin":10,"stat.pickup.minecraft.golden_horse_armor":73,"stat.mineBlock.minecraft.planks":7,"stat.drop":39,"stat.craftItem.minecraft.diamond_pickaxe":2,"stat.craftItem.grimpack.obsidian_multi_tool":2,"stat.pickup.grimpack.iron_multi_tool":1,"stat.pickup.minecraft.gravel":3263,"stat.mineBlock.grimpack.element_115_ore":20,"stat.pickup.vampirism.hunter_table":1,"stat.pickup.iceandfire.cockatrice_eye":4,"stat.pickup.minecraft.iron_helmet":144,"stat.pickup.scalinghealth.crystalshard":136,"stat.pickup.minecraft.spider_eye":26,"stat.craftItem.minecraft.iron_helmet":1,"stat.pickup.minecraft.experience_bottle":532,"stat.pickup.vampirism.vampire_fang":354,"stat.pickup.minecraft.iron_ore":843,"stat.mineBlock.grimpack.aluminum_ore":6,"stat.pickup.grimpack.element_115":363,"stat.mineBlock.minecraft.leaves2":1,"stat.pickup.minecraft.leather":28,"stat.mineBlock.minecraft.furnace":3,"stat.craftItem.minecraft.golden_hoe":2,"stat.pickup.evilcraft.dark_gem":33,"stat.pickup.harvestcraft.blueberryitem":2,"stat.useItem.iceandfire.dragonbone_pickaxe":143,"stat.pickup.minecraft.prismarine_crystals":60,"stat.killEntity.CaveSpider":3,"stat.pickup.minecraft.oak_stairs":1,"stat.damageDealt":33734,"stat.craftItem.minecraft.glass":64,"stat.pickup.teletubbies.laalaastick":107,"stat.killEntity.Cow":9,"stat.drop.iceandfire.armor_green_chestplate":1,"stat.mineBlock.iceandfire.chared_dirt":6,"stat.craftItem.minecraft.iron_sword":5,"stat.pickup.harvestcraft.elderberryitem":1,"stat.craftItem.minecraft.stone_shovel":2,"stat.walkOneCm":1062999,"stat.pickup.grimpack.uranium_ore":123,"stat.playerKills":3,"stat.pickup.minecraft.stick":155,"stat.killEntity.quark:stoneling":8,"stat.pickup.grimpack.obsidian_multi_tool":2,"stat.mineBlock.chisel.basalt2":3,"stat.pickup.terraqueous.item_main":632,"stat.useItem.scalinghealth.heartcontainer":3,"stat.pickup.quark.root_flower":128,"stat.pickup.minecraft.stone":233,"stat.pickup.vampirism.hunter_coat_head":4,"stat.killEntity.Skeleton":7,"stat.pickup.minecraft.quartz":450,"stat.pickup.mowziesmobs.barakoa_mask_bliss":22,"stat.useItem.minecraft.golden_apple":2,"stat.pickup.minecraft.water_bucket":3,"stat.mineBlock.minecraft.leaves":1,"stat.pickup.minecraft.spruce_stairs":94,"stat.mineBlock.minecraft.redstone_ore":35,"stat.craftItem.iceandfire.armor_green_boots":2,"stat.killEntity.quark:ashen":8,"stat.mineBlock.minecraft.stone":1762}