{"stat.chestOpened":67,"stat.pickup.grimpack.rune":1,"stat.walkOneCm":103629,"stat.pickup.minecraft.bone":7,"stat.pickup.iceandfire.fire_dragon_flesh":7,"stat.leaveGame":1,"stat.pickup.minecraft.arrow":5,"stat.useItem.grimpack.iron_multi_tool":30,"stat.mineBlock.minecraft.cobblestone":1,"stat.killEntity.seaserpent":1,"stat.useItem.minecraft.cobblestone":27,"stat.pickup.minecraft.stonebrick":1,"stat.killEntity.vampirism.vampire_hunter":3,"stat.pickup.iceandfire.dragon_skull":1,"stat.killEntity.Blaze":12,"stat.drop.grimpack.instruction_manual":1,"stat.mineBlock.minecraft.emerald_ore":5,"stat.pickup.terraqueous.item_main":4,"stat.pickup.iceandfire.sea_serpent_fang":9,"stat.pickup.minecraft.string":7,"stat.useItem.scalinghealth.heartcontainer":9,"stat.swimOneCm":11665,"stat.jump":498,"stat.pickup.minecraft.coal":3,"stat.fallOneCm":102959,"stat.climbOneCm":16,"stat.pickup.scalinghealth.crystalshard":8,"stat.pickup.minecraft.iron_ingot":7,"stat.mineBlock.minecraft.web":2,"stat.crouchOneCm":746,"stat.pickup.iceandfire.chared_stone":1,"stat.pickup.minecraft.spider_eye":4,"stat.mineBlock.scalinghealth.crystalore":8,"stat.pickup.minecraft.dirt":1,"stat.killEntity.Treasure":1,"stat.sprintOneCm":122672,"stat.useItem.minecraft.stone_slab2":1,"stat.pickup.iceandfire.dragonscales_gray":3,"stat.useItem.minecraft.water_bucket":1,"stat.pickup.minecraft.iron_ore":4,"stat.mineBlock.grimpack.rune":1,"stat.pickup.minecraft.gold_ingot":7,"stat.pickup.minecraft.rotten_flesh":2,"stat.killEntity.Skeleton":5,"stat.pickup.iceandfire.fire_dragon_heart":1,"stat.pickup.vampirism.holy_salt":1,"stat.pickup.minecraft.gold_ore":3,"stat.mineBlock.minecraft.lapis_ore":1,"stat.mineBlock.minecraft.stonebrick":1,"stat.pickup.iceandfire.sea_serpent_scales_red":4,"stat.damageTaken":1633,"stat.killEntity.Spider":7,"stat.waystones:waystonesActivated":1,"stat.mineBlock.grimpack.randomite":4,"stat.pickup.backpacks16840.backpack_pouch":1,"stat.pickup.minecraft.cobblestone":36,"stat.mobKills":38,"stat.pickup.minecraft.emerald":5,"stat.pickup.minecraft.dye":5,"stat.useItem.iceandfire.dragonbone_pickaxe":52,"stat.pickup.iceandfire.dragonbone":9,"stat.useItem.iceandfire.dragonbone_sword_fire":74,"stat.killEntity.CaveSpider":1,"stat.flyOneCm":622374,"stat.pickup.minecraft.glass_bottle":1,"stat.drop":3,"stat.pickup.vampirism.human_heart":2,"stat.pickup.iceandfire.ash":1,"stat.playOneMinute":52601,"stat.pickup.minecraft.blaze_rod":6,"stat.pickup.minecraft.torch":3,"stat.useItem.backpacks16840.backpack":1,"stat.drop.backpacks16840.backpack_restorer":1,"stat.sneakTime":401,"stat.damageDealt":7093,"stat.pickup.minecraft.redstone":1,"stat.mineBlock.minecraft.iron_ore":4,"stat.killEntity.Zombie":6,"stat.killEntity.firedragon":1,"stat.useItem.iceandfire.dragonbone_bow":26,"stat.timeSinceDeath":52601,"stat.drop.minecraft.glass_bottle":1,"stat.mineBlock.minecraft.dirt":4,"stat.mineBlock.minecraft.stone":38,"stat.mineBlock.minecraft.gold_ore":3,"stat.diveOneCm":42648}