{"stat.pickup.animania.raw_chevon":86,"stat.leaveGame":8,"stat.craftItem.minecraft.iron_axe":1,"stat.killEntity.vampirism.vampire":2,"stat.mineBlock.minecraft.sandstone":25,"stat.useItem.minecraft.planks":3,"stat.mineBlock.minecraft.web":61,"stat.pickup.minecraft.golden_boots":22,"stat.pickup.minecraft.glowstone_dust":3,"stat.craftItem.iceandfire.jar_empty":4,"stat.craftItem.grimpack.black_diamond":6,"stat.useItem.minecraft.water_bucket":1,"stat.pickup.minecraft.rotten_flesh":2629,"stat.pickup.minecraft.sand":5,"stat.pickup.iceandfire.jar_empty":8,"stat.mineBlock.grimpack.black_diamond_ore":6,"stat.pickup.vampirism.armor_of_swiftness_chest":1,"stat.pickup.iceandfire.witherbone":629,"stat.craftItem.minecraft.iron_shovel":1,"stat.pickup.minecraft.chainmail_chestplate":33,"stat.entityKilledBy.firedragon":2,"stat.mineBlock.minecraft.sand":3,"stat.killEntity.Witch":2,"stat.pickup.quark.rune":3,"stat.drop.minecraft.gold_ingot":8,"stat.pickup.iceandfire.silver_ingot":5,"stat.craftItem.iceandfire.silver_ingot":31,"stat.pickup.cqrepoured.shield_spider":58,"stat.mineBlock.terraqueous.doodads":2,"stat.drop.minecraft.rail":1,"stat.mineBlock.chisel.marble2":7,"stat.pickup.iceandfire.manuscript":12,"stat.pickup.minecraft.iron_chestplate":2,"stat.pickup.minecraft.skull":171,"stat.useItem.minecraft.wooden_button":1,"stat.pickup.minecraft.emerald":177,"stat.deaths":24,"stat.pickup.minecraft.egg":1508,"stat.playOneMinute":167709,"stat.killEntity.cqr_skeleton":51,"stat.craftItem.minecraft.iron_pickaxe":1,"stat.pickup.grimpack.black_diamond_ore":1118,"stat.drop.minecraft.glass_bottle":1,"stat.pickup.chisel.marble2":5,"stat.mineBlock.minecraft.tallgrass":7,"stat.chestOpened":192,"stat.pickup.minecraft.arrow":609,"stat.drop.minecraft.flint":1,"stat.pickup.simplecorn.kernels":4,"stat.killEntity.vampirism.ghost":1,"stat.craftItem.minecraft.iron_hoe":1,"stat.useItem.minecraft.experience_bottle":24,"stat.fallOneCm":316337,"stat.pickup.teletubbies.laalaaball":1,"stat.crouchOneCm":17099,"stat.pickup.minecraft.rail":57,"stat.craftItem.minecraft.iron_ingot":284,"stat.pickup.minecraft.painting":34,"stat.craftingTableInteraction":10,"stat.pickup.iceandfire.silver_ore":606,"stat.pickup.minecraft.feather":10,"stat.drop.minecraft.bone":1,"stat.craftItem.minecraft.wooden_button":7,"stat.pickup.minecraft.dye":1546,"stat.pickup.minecraft.planks":309,"stat.pickup.minecraft.iron_leggings":2,"stat.useItem.iceandfire.dragonbone_sword_fire":464,"stat.pickup.chisel.limestone2":3,"stat.pickup.minecraft.wheat_seeds":2,"stat.mineBlock.minecraft.gravel":7,"stat.mineBlock.minecraft.dirt":8,"stat.drop.terraqueous.multifood":2,"stat.mineBlock.minecraft.monster_egg":2,"stat.pickup.minecraft.golden_apple":16,"stat.mineBlock.iceandfire.silver_ore":35,"stat.pickup.terraqueous.multifood":15,"stat.useItem.minecraft.cobblestone":148,"stat.craftItem.minecraft.crafting_table":1,"stat.mineBlock.quark.stone_speleothem":5,"stat.mineBlock.minecraft.emerald_ore":1,"stat.pickup.minecraft.log":3,"stat.craftItem.minecraft.gold_ingot":35,"stat.pickup.minecraft.web":9,"stat.pickup.minecraft.chicken":1,"stat.pickup.minecraft.chainmail_leggings":1,"stat.pickup.minecraft.sapling":2,"stat.pickup.minecraft.apple":23,"stat.pickup.minecraft.beetroot":2,"stat.pickup.grimpack.oily_chunk":32,"stat.craftItem.minecraft.planks":4,"stat.itemEnchanted":2,"stat.pickup.minecraft.diamond_helmet":2,"stat.pickup.quark.root":7,"stat.pickup.quark.frog_leg":39,"stat.killEntity.WitherSkeleton":4,"stat.mineBlock.morefurnaces.furnaceblock":2,"stat.pickup.animania.raw_prime_rabbit":6,"stat.pickup.iceandfire.pixie_house":10,"stat.pickup.vampirism.human_heart":10,"stat.sneakTime":4492,"stat.pickup.minecraft.wool":25,"stat.pickup.minecraft.rabbit":62,"stat.pickup.minecraft.stone_slab":4,"stat.pickup.minecraft.bone":433,"stat.mineBlock.minecraft.cobblestone":5,"stat.pickup.minecraft.flint":83,"stat.pickup.animania.raw_prime_mutton":4,"stat.swimOneCm":17636,"stat.climbOneCm":1910,"stat.drop.minecraft.cobblestone":1,"stat.mineBlock.evilcraft.dark_ore":1,"stat.mineBlock.quark.roots":1,"stat.pickup.vampirism.blood_bottle":2,"stat.useItem.minecraft.dirt":9,"stat.pickup.minecraft.golden_helmet":1,"stat.useItem.minecraft.stone_slab2":5,"stat.pickup.minecraft.bow":1,"stat.craftItem.morefurnaces.furnaceblock":2,"stat.pickup.minecraft.iron_boots":2,"stat.pickup.minecraft.diamond_horse_armor":1,"stat.pickup.vampirism.hunter_coat_legs":1,"stat.useItem.morefurnaces.furnaceblock":1,"stat.drop.evilcraft.werewolf_flesh":2,"stat.craftItem.iceandfire.dragonbone_bow":1,"stat.pickup.minecraft.cobblestone":34267,"stat.pickup.vampirism.armor_of_swiftness_head":1,"stat.pickup.quark.black_ash":2321,"stat.mineBlock.chisel.limestone2":1,"stat.flyOneCm":1407901,"stat.pickup.minecraft.glass_bottle":22,"stat.pickup.minecraft.sandstone":26,"stat.pickup.minecraft.redstone":357,"stat.mineBlock.minecraft.iron_ore":260,"stat.entityKilledBy.vampirism.vampire_baron":2,"stat.timeSinceDeath":6866,"stat.pickup.vampirism.vampire_book":142,"stat.drop.minecraft.spider_eye":2,"stat.pickup.minecraft.cake":1,"stat.craftItem.grimpack.iron_multi_tool":1,"stat.pickup.chisel.chisel_diamond":1,"stat.pickup.minecraft.chainmail_helmet":85,"stat.useItem.grimpack.iron_multi_tool":517,"stat.pickup.minecraft.stonebrick":1194,"stat.killEntity.vampirism.vampire_hunter":7,"stat.mineBlock.minecraft.coal_ore":18,"stat.pickup.minecraft.wooden_sword":27,"stat.pickup.minecraft.string":3324,"stat.craftItem.minecraft.stone_slab2":0,"stat.sprintOneCm":518642,"stat.pickup.vampirism.vampire_blood_bottle":2,"stat.mineBlock.minecraft.stone_slab":2,"stat.pickup.morefurnaces.furnaceblock":2,"stat.pickup.vampirism.cursed_earth":3,"stat.mineBlock.minecraft.diamond_ore":8,"stat.waystones:waystonesActivated":1,"stat.mineBlock.minecraft.planks":6,"stat.drop":15,"stat.pickup.minecraft.slime_ball":3,"stat.drop.terraqueous.item_main":3,"stat.pickup.minecraft.golden_chestplate":21,"stat.killEntity.Zombie":44,"stat.pickup.grimpack.iron_multi_tool":2,"stat.mineBlock.minecraft.gold_ore":35,"stat.diveOneCm":21140,"stat.pickup.minecraft.wheat":6,"stat.pickup.grimpack.aluminum_ore":154,"stat.pickup.minecraft.gravel":268,"stat.mineBlock.grimpack.element_115_ore":3,"stat.pickup.minecraft.diamond_sword":2,"stat.jump":1920,"stat.pickup.minecraft.fence":28,"stat.pickup.minecraft.coal":179,"stat.pickup.minecraft.iron_ingot":62,"stat.pickup.scalinghealth.crystalshard":196,"stat.killEntity.vampirism.hunter_trainer":1,"stat.pickup.minecraft.gunpowder":6,"stat.pickup.minecraft.spider_eye":400,"stat.pickup.minecraft.dirt":322,"stat.pickup.evilcraft.dark_gem_crushed":111,"stat.pickup.minecraft.experience_bottle":3078,"stat.pickup.vampirism.vampire_fang":295,"stat.pickup.minecraft.iron_ore":781,"stat.mineBlock.grimpack.aluminum_ore":3,"stat.pickup.minecraft.gold_ore":539,"stat.mineBlock.minecraft.lapis_ore":28,"stat.pickup.grimpack.element_115":511,"stat.damageTaken":17157,"stat.mineBlock.iceandfire.pixie_house":4,"stat.mineBlock.grimpack.randomite":40,"stat.pickup.evilcraft.dark_gem":215,"stat.useItem.iceandfire.dragonbone_pickaxe":712,"stat.killEntity.CaveSpider":10,"stat.pickup.harvestcraft.saltitem":5,"stat.pickup.minecraft.rabbit_hide":2,"stat.damageDealt":37517,"stat.killEntity.Silverfish":1,"stat.craftItem.minecraft.iron_sword":1,"stat.walkOneCm":634227,"stat.pickup.grimpack.uranium_ore":54,"stat.useItem.minecraft.chest":2,"stat.pickup.minecraft.stick":70,"stat.killEntity.quark:stoneling":2,"stat.pickup.minecraft.rabbit_foot":2,"stat.mineBlock.grimpack.oil_ore":3,"stat.pickup.terraqueous.item_main":1816,"stat.mineBlock.vampirism.cursed_earth":1,"stat.useItem.scalinghealth.heartcontainer":7,"stat.pickup.quark.root_flower":3,"stat.mineBlock.scalinghealth.crystalore":9,"stat.pickup.minecraft.gold_ingot":42,"stat.pickup.vampirism.holy_salt":15,"stat.pickup.iceandfire.dragonbone_pickaxe":1,"stat.mineBlock.minecraft.stonebrick":24,"stat.mobKills":147,"stat.pickup.minecraft.quartz":325,"stat.pickup.minecraft.water_bucket":3,"stat.pickup.minecraft.diamond":26,"stat.pickup.minecraft.beetroot_seeds":1,"stat.pickup.minecraft.torch":126,"stat.entityKilledBy.cqr_necromancer":1,"stat.mineBlock.minecraft.redstone_ore":6,"stat.pickup.evilcraft.werewolf_flesh":253,"stat.drop.minecraft.arrow":1,"stat.killEntity.quark:ashen":4,"stat.mineBlock.minecraft.stone":612}